Actual,Predicted
0.3350425292890229,0.32497793
0.8207695478544329,0.7832359
0.8713763030006113,0.87360734
0.5747480340744238,0.5956364
0.3350425292890229,0.33684576
0.4344013111493342,0.35669187
0.6039752471423732,0.60976213
0.730677080610921,0.7454094
0.9026466319400116,0.6517372
0.7341236695953558,0.7082437
